Código,Escenario,Caso relacionado,Referencia,Datos de entrada,Resultado esperado,Notas
SD-01,Registro exitoso,P-01,PRD §5.1,"Documento CC 1000000001; nombre Ana; apellido Prueba; correo ana.prueba@test.com; celular 3000000001; contraseña Prueba123*; tipo O+; nacimiento 1995-05-10; género FEMENINO; peso 50 kg; Medellín, Antioquia; lat 6.2442, lon -75.5812",201: se crea la cuenta con rol DONANTE y se devuelve token. Peso 50 kg es el límite inferior válido.,Valor límite: 50 kg debe aceptarse.
SD-02,Registro inválido,P-01,PRD §5.1,"a) Mismos datos de SD-01 con correo ana.prueba@test.com (repetido).
b) Datos nuevos con documento 1000000001 (repetido).
c) Datos nuevos con peso 49 kg.
d) Datos nuevos sin latitud/longitud.",a) y b) rechazo por correo/documento duplicado. c) rechazo por peso menor a 50 kg. d) rechazo: datos de ubicación obligatorios.,El frontend envía latitud/longitud en null si no se elige ubicación: verificar que el mensaje sea claro.
SD-03,Inicio de sesión del donante,P-02,"PRD §5.1, §6","Válido: ana.prueba@test.com / Prueba123*.
Inválido: ana.prueba@test.com / Clave999*; correo noexiste@test.com.","Válido: acceso y redirección a /home-donante. Inválido: no hay acceso. Tras cerrar sesión, /home-donante redirige a /login.",
SD-04,Dashboard del donante,P-03,PRD §6,Cuenta A: donante con una donación COMPLETADA. Cuenta B: donante sin donaciones.,PRD no lo especifica: registrar como consulta funcional y anotar el comportamiento observado.,El PRD no detalla el contenido de /home-donante.
SD-05,Consulta y filtros de urgencias,P-04,PRD §5.4,Solicitudes ACTIVAS: O- urgencia ALTA; A+ MEDIA; B+ BAJA; AB+ ALTA. Una solicitud CANCELADA de O+. Filtro sin coincidencias: tipo AB- con urgencia BAJA.,"Se listan solo las 4 ACTIVAS. Cada filtro (tipo, urgencia) limita los resultados. Sin coincidencias: estado vacío.",Orden del listado: PRD no lo especifica. Filtro de compatibilidad: verificar contra tabla OMS.
SD-06,Mapa de bancos,P-05,PRD §5.2,"Ubicación del donante: Medellín (6.2442, -75.5812). Banco dentro del radio: Envigado (6.1759, -75.5917). Banco fuera: Bogotá (4.7110, -74.0721).",Con radio de 50 km se muestra Envigado y no Bogotá. Solo aparecen bancos activos.,
SD-07,Triaje y programación,P-06,"PRD §5.6, §9",Donante con última donación COMPLETADA hace 89 días; otro con última donación hace 90 días.,89 días: se rechaza el registro de la donación e informa los días restantes. 90 días: se permite.,CONFLICTO: el PRD §9 deja fuera de alcance el agendamiento de citas y el cuestionario de elegibilidad completo. Verificar si existen en la app antes de ejecutar.
SD-08,Acceso del Administrador de Banco,P-07,"PRD §4, §6",Usuario ADMIN_BANCO asociado al banco de Medellín: admin.banco@test.com / Banco123*. Inválido: Clave999*.,Válido: redirección a /home-banco con acceso a /inventario y /solicitudes. Inválido: sin acceso.,
SD-09,Dashboard del banco,P-08,"PRD §5.3, §6",Inventario del banco: O+ con 3 disponibles (mínimo 5); A+ con 10 disponibles (mínimo 5). Una donación PENDIENTE.,O+ marcado como bajo stock; A+ no. Métricas: PRD no lo especifica: registrar como consulta funcional y anotar el comportamiento observado.,"""Citas pendientes"": la app usa donaciones en estado PENDIENTE (las citas están fuera de alcance según el PRD)."
SD-10,Completar o rechazar una donación,P-09,PRD §5.6,"Donación PENDIENTE de O+: completar con 450 ml, hemoglobina 13.5 g/dL, presión 120/80. Otra PENDIENTE: cambiar a RECHAZADA.",Estados cambian a COMPLETADA y RECHAZADA y se guardan los datos clínicos.,Efecto en inventario al completar: el PRD no lo especifica. Registrar lo observado. No hay umbrales clínicos definidos.
SD-11,Inventario del banco,P-10,PRD §5.3,"a) Crear AB- (sin registro previo) con 4 disponibles, mínimo 5.
b) Crear O+ cuando ya existe (duplicado).
c) Ajustar AB- en +1 (queda 5).",a) Se crea y aparece como bajo stock (4 < 5). b) Rechazo: único por banco y tipo. c) Con 5 = mínimo deja de ser bajo stock.,Valor límite: disponibles = mínimas NO es bajo stock (la regla es disponibles < mínimas).
SD-12,Solicitudes de urgencia,P-11,PRD §5.4,"Solicitud: tipo O-, 3 unidades, urgencia ALTA, motivo ""Cirugía programada"", paciente PAC-001, fecha límite 7 días después, radio por defecto.",Se crea ACTIVA con radio 50 km; aparece en urgencias. Editable. Al pasar a COMPLETADA o CANCELADA deja de aparecer al donante.,
SD-13,Acceso del Superadministrador,P-12,"PRD §4, §6",Usuario SUPER_ADMIN: super.admin@test.com / Admin123*. Inválido: Clave999*.,Válido: redirección a /super-admin con acceso a /super-admin/bancos y /super-admin/reportes. Inválido: sin acceso.,El rol en BD debe llamarse SUPER_ADMIN (no ADMIN_GENERAL).
SD-14,Dashboard global,P-13,PRD §6,"Datos cargados de SD-05, SD-09 y SD-15.",PRD no lo especifica: registrar como consulta funcional y anotar el comportamiento observado.,El PRD no detalla las métricas del panel.
SD-15,Gestión de bancos,P-14,PRD §5.2,"Banco nuevo: ""Banco Prueba Bello"", NIT 900000003-1, Bello, Antioquia. Bancos existentes en Medellín y Bogotá. Duplicado: NIT de un banco existente.",Se crea y aparece en la tabla; la edición precarga datos; el filtro por ciudad limita resultados; NIT repetido se rechaza; un banco desactivado deja de aparecer en la consulta pública.,
SD-16,Creación de administrador de banco,P-15,PRD §5.2,Desde el formulario del banco de Bello: nuevo administrador admin.bello@test.com / Banco123*.,Se crea con rol ADMIN_BANCO y queda asignado como administrador del banco.,
SD-17,Reporte de donaciones,P-16,PRD §5.7,Rango con registros: últimos 30 días (incluye SD-10). Rango sin registros: un mes de 2020.,Se genera el reporte y se exporta a Excel. Indicadores y estado vacío: PRD no lo especifica: registrar como consulta funcional y anotar el comportamiento observado.,
SD-18,Reporte de inventario,P-17,PRD §5.7,Inventarios de SD-09 y SD-11 (con y sin bajo stock).,Se exporta a Excel. Orden e indicadores: PRD no lo especifica: registrar como consulta funcional y anotar el comportamiento observado.,
SD-19,Flujo end-to-end,P-18,"PRD §5.4, §5.6",Solicitud O- ACTIVA del banco de Medellín; donante O- apto (sin donaciones previas).,La donación queda asociada a la solicitud y al banco; al completarla cambia de estado y se refleja en el reporte.,Sin agendamiento de citas (fuera de alcance según PRD): el flujo pasa por una donación PENDIENTE.
SD-20,Navegación por rol,P-19,PRD §6,"Cuentas de SD-03, SD-08 y SD-13. Intento cruzado: donante abriendo /super-admin.",Cada rol ve solo sus rutas de la tabla del PRD §6. El acceso a rutas de otro rol se bloquea.,
SD-21,Presentación de vistas y estados,P-20,"PRD §6, §7","Escenarios de SD-02 (validaciones), SD-05 (vacío) y SD-11 (bajo stock).",Mensajes en español; validaciones y estados vacíos visibles y comprensibles.,
